Слово,Пиньинь,Перевод слова
['阿姨'],['āyí'],"['тётя по маме; тётя, тётушка (обращение); мачеха; няня; служанка, уборщица']"
['啊'],['ā; á; ǎ; à; a'],"['межд., выражает удивление или восхищение; о!, ого!; межд., выражает вопрос или просьбу повторить еще раз; а?, ну?']"
['矮'],['ǎi'],"['низкий, невысокий']"
['矮小'],['ǎixiǎo'],"['маленький, низкий, низкорослый']"
['爱国'],['ài guó'],['любитьродину; отечественный']
['爱护'],['àihù'],['беречь; любить; проявлять заботу']
['安'],['ān'],"['безопасный, тихий, спокойный; успокаивать; хранить, питать']"
['安置'],['ānzhì'],"['потавить на место; поселять, размещать; устанавливать; укладывать в постель; размещение']"
['按时'],['ànshí'],"['вовремя, в срок']"
['暗'],['àn'],"['прил./нареч. тёмный, мрачный; сумеречный; тусклый; без света; глубокий (о цвете, оттенке); темно']"
['暗示'],['ànshì'],['намекнуть; предложить; предложение; намек']
['巴士'],['bāshì'],['диал. автобус']
['百货'],['bǎihuò'],['универсальные товары']
['摆'],['bǎi'],"['расставлять, располагать; стоять; лежать (о вещах); показать; махать; качаться; маятник']"
['摆动'],['bǎidòng'],"['качаться, колебаться']"
['摆脱'],['bǎituō'],"['отделаться от...; освободиться; выскользнуть из, ускользнуть от; избавиться,выбраться']"
['败'],['bài'],"['терпеть неудачу, проигрывать, быть побежденным; одерживать победу']"
['办事'],['bànshì'],"['работать над вопросом, вести дело']"
['包裹'],['bāoguǒ'],['упаковывать; перевязывать; посылка']
['包含'],['bāohán'],"['содержать в себе; включать; заключать, таить в себе; содержащий в себе; включающий']"
['包括'],['bāokuò'],"['содержать, охватывать, включать (в себя); включительно, включая, в том числе']"
['薄'],['báo'],['тонкий; жидкий; слабый']
['宝'],['bǎo'],"['сокровище, роскошь, драгоценность, бриллиант. Алмаз; бриллиантовый']"
['宝宝'],['bǎobao'],"['милый, дорогой; ребенок']"
['宝贝'],['bǎobèi'],"['ценная вещь, сокровище; дорогой, любимый; золотко, малыш']"
['宝贵'],['bǎoguì'],"['ценный, драгоценный; дорогой']"
['宝石'],['bǎoshí'],['драгоценный камень']
['保密'],['bǎo mì'],['сохранять тайну; держать в секрете; соблюдать конспирацию; обеспечивать скрытность']
['保守'],['bǎoshǒu'],['сохранять; соблюдать; придерживаться старых взглядов; консервативный']
['抱'],['bào'],['держать двумя руками; нести; обнимать']
['背景'],['bèijǐng'],['задний план; фон; подоплёка; изнанка']
['倍'],['bèi'],"['удваиваться, увеличиваться в несколько раз; раз, крат']"
['被迫'],['bèipò'],['быть вынужденным']
['本科'],['běnkē'],"['основные предметы (преподавания в учебных заведениях, в противоположность факультативным); основной курс; офиц. наше отделение, наш отдел (факультет); бакалавриат, бакалавр']"
['笨'],['bèn'],"['глупый, тупой, неуклюжий']"
['比分'],['bǐfēn'],['спорт. счет']
['毕业'],['bì yè'],"['заканчивать, окончание (про школу, курс, университет)']"
['毕业生'],['bìyèshēng'],['выпускник']
['避'],['bì'],"['избегать, предотвращать, держаться в стороне от']"
['避免'],['bìmiǎn'],"['избегать; избавляться от, обходить']"
['编'],['biān'],"['плести; редактировать, составлять; писать, сочинять']"
['辩论'],['biànlùn'],"['дебатировать, дискутировать; прения, дебаты; диспут']"
['标志'],['biāozhì'],"['знак, указатель, отметка, символ; логотип; обозначать']"
['表情'],['biǎoqíng'],"['выражать чувства; выражение лица, мимика; экспрессия; смайлик']"
['表扬'],['biǎoyáng'],['отмечать; поощрять; признавать заслуги; прославлять; хвалить; благодарность; поощрение; признание; похвала']
['别'],['bié'],"['покидать, оставлять; различать;']"
['冰'],['bīng'],['лед']
['冰箱'],['bīngxiāng'],['холодильник']
['冰雪'],['bīngxuě'],['лед и снег']
['兵'],['bīng'],"['солдат; армия; оружие, вооружение; военное дело, война']"
['并'],['bìng'],['стоять бок о бок; объединять(ся)']
['不要紧'],['búyàojǐn'],"['неважно; несущественно!; не обращайте внимания! ничего, ничего!']"
['不在乎'],['búzàihu'],"['не придавать значения, относиться безразлично']"
['不管'],['bùguǎn'],['несмотря на ); независимо от того; как бы ни; не интересоваться ч-л']
['不然'],['bùrán'],['в противном случае; иначе; не так']
['布置'],['bùzhì'],"['расставлять, располагать; оформлять; распределить; спланировать']"
['步行'],['bùxíng'],['идти пешком; пешком; ходьба']
['擦'],['cā'],['вытирать; тереть; чистить']
['才'],['cái'],"['талант, способность']"
['材料'],['cáiliào'],"['материалы, данные']"
['财产'],['cáichǎn'],"['имущество, собственность; достояние; богатство, средства; инвентарь']"
['财富'],['cáifù'],"['богатство, состояние, блага, ценности']"
['采访'],['cǎifǎng'],"['брать интервью; репортаж, вести репортаж; собирать информацию']"
['参考'],['cānkǎo'],"['наводить справки, справляться (по книгам, документам), сверять, удостоверяться; материал к..., справочные данные о..., литература, справка, справочный, вспомогательный; обратиться к…']"
['参与'],['cānyù'],['принимать активное участие; участвовать']
['操场'],['cāochǎng'],['спортивная площадка; учебный плац']
['操作'],['cāozuò'],['трудиться; процесс работы; труд; работа; операция']
['测'],['cè'],"['исследовать, измерять, испытывать']"
['测量'],['cèliáng'],['измерять; измерительный']
['测试'],['cèshì'],"['проверять, измерять; проверка, измерение']"
['曾'],['céng'],"['уже некогда; как-то раз; в своё время); многослойный, нагромождённый; массивный, тяжёлый']"
['茶叶'],['cháyè'],"['чай, чайный лист']"
['产品'],['chǎnpǐn'],"['продукция, продукт производства, изделие']"
['长途'],['chángtú'],"['длинная дорога, долгий путь']"
['常识'],['chángshí'],"['элементарные познания, грамотность (в чем- либо); общее представление (о предмете)']"
['唱片'],['chàngpiàn'],['граммофонная пластинка']
['抄'],['chāo'],"['грабить; отбирать; переписывать, снимать копию; списывать; совершать плагиат; проходить (кратчайшим путём), срезать угол']"
['抄写'],['chāoxiě'],['переписывать']
['潮'],['cháo'],"['волна, тенденция; сырой, влажный; (диал.) неумелый; (сленг) модный']"
['潮流'],['cháoliú'],['прилив; перен. веяние; течение']
['潮湿'],['cháoshī'],"['влажный, сырой, промокший; промокать; увлажняться']"
['彻底'],['chèdǐ'],"['до конца, до самого дна, основательно, насквозь; полностью, окончательно; доскональный, предельный']"
['沉'],['chén'],"['тяжелый; глубокий; мрачный; тонуть, погружаться (в воду); сдерживать; предаваться']"
['沉默'],['chénmò'],['молчать; молчание; молчаливый']
['沉重'],['chénzhòng'],"['серьёзный; тяжёлый; сумрачный, гнетущий']"
['称赞'],['chēngzàn'],"['одобрять; расхваливать, восхищаться; превозносить; похвала; хвала, одобрение']"
['成人'],['chéngrén'],['стать взрослым; взрослый']
['诚实'],['chéngshí'],"['правдивый, честный, искренний']"
['诚信'],['chéngxìn'],"['честный, добросовестный']"
['承担'],['chéngdān'],"['брать на себя, отвечать за что-либо, нести']"
['承认'],['chéngrèn'],"['признавать(-ся); положительный акцепт, признание']"
['承受'],['chéngshòu'],"['выдержать, подвергнуться; удостоиться; получать; принимать; наследовать']"
['程序'],['chéngxù'],['порядок; распорядок; процедура; (тех.) программа']
['吃惊'],['chī jīng'],['перепугаться; изумиться; поразиться']
['迟到'],['chídào'],['опаздывать']
['尺'],['chǐ'],['линейка; инструмент в форме линейки; инструмент для создания чертежей; традиционная единица длины (равна 1/3 метра)']
['尺寸'],['chǐcùn'],['размер']
['尺子'],['chǐzi'],['мерная (счётная) линейка']
['冲'],['chōng'],['размывать; смывать; промывать; полоскать; ринуться вперёд; атаковать']
['充电'],['chōng diàn'],"['заряжать (напр., батарею, аккумулятор); восстанавливать силы, отдыхать']"
['充电器'],['chōngdiànqì'],['зарядное устройство; адаптер питания']
['充分'],['chōngfèn'],"['полный, достаточный, полноценный; в полной мере, полностью']"
['虫子'],['chóngzi'],['насекомое; червь; жук']
['抽'],['chōu'],"['вытаскивать, вытягивать; брать часть; вдыхать']"
['抽奖'],['chōu jiǎng'],['разыгрывать в лотерее']
['抽烟'],['chōuyān'],['курить']
['出口'],['chū kǒu'],['экспорт; экспортировать; сказать; произнести; выход']
['出色'],['chūsè'],"['выделяться; проявлять себя; незаурядный, выдающийся']"
['出售'],['chūshòu'],"['продавать, сбывать с рук; приложить руку (избить); показать талант; проявить себя; браться за дело']"
['出席'],['chūxí'],['присутствовать (напр. на собрании); участвовать в работе совещания']
['处于'],['chǔyú'],"['находиться в, пребывать в к.-либо состоянии']"
['处'],['chù'],"['место, пункт; местоположение, место расположения, жилище; счетное слово домов и зданий']"
['穿上'],['chuānshang'],['надевать (оеджду)']
['传统'],['chuántǒng'],"['устой, традиция, обычай; устоявшийся, традиционный']"
['窗户'],['chuānghu'],['окно']
['窗台'],['chuāngtái'],['подоконник']
['窗子'],['chuāngzi'],['(разг.) окно']
['春季'],['chūnjì'],['весенний сезон; весна; весенний']
['纯'],['chún'],"['чистый, без примеси; умелый']"
['纯净水'],['chúnjìngshuǐ'],['дистиллированная вода']
['词汇'],['cíhuì'],['словарный состав; лексика; глоссарий']
['此'],['cǐ'],"['этот, эта, это, эти']"
['此外'],['cǐwài'],"['кроме того, помимо этого, наряду с этим']"
['次'],['cì'],"['второстепенный, второсортный, уступающий, плохой']"
['刺'],['cì'],['колоть; втыкать; пронзать; колючка; шип; покушаться на убийство']
['刺激'],['cìjī'],"['раздражать, возбуждать, стимулировать; раздражение; волновать; потрясать']"
['从此'],['cóngcǐ'],['с этих пор; с этого раза (места)']
['粗'],['cū'],['грубый; широкий; толстый; небрежный']
['粗心'],['cūxīn'],"['небрежный, невнимательный; небрежно; небрежность']"
['促进'],['cùjìn'],"['стимулировать; ускорять; способствовать, ускорять, стимулирование']"
['促使'],['cùshǐ'],"['побуждать, способствовать, стимулировать']"
['促销'],['cùxiāo'],['стимулировать продажи']
['措施'],['cuòshī'],"['меры, мероприятия']"
['打'],['dá'],"['счетное слово, обозначающее дюжину']"
['答案'],['dáàn'],"['ответ, решение']"
['打败'],['dǎbài'],"['побеждать, одерживать верх над']"
['打雷'],['dǎ léi'],['греметь']
['打扫'],['dǎsǎo'],"['убираться, подметать']"
['打折'],['dǎ zhé'],['сделать скидку']
['打针'],['dǎ zhēn'],['сделать инъекцию']
['大巴'],['dàbā'],['большой автобус']
['大多'],['dàduō'],"['по большей части, в большинстве своем, в основном']"
['大方'],['dàfang'],"['щедрый, не мелочный; широкий (о натуре); отзывчивый']"
['大哥'],['dàgē'],"['старший брат, старший из братьев']"
['大规模'],['dà guīmó'],['большой/широкий масштаб']
['大会'],['dàhuì'],"['общее собрание, конференция']"
['大姐'],['dàjiě'],['старшая сестра; вежливое обращение к женщине на севере Китая']
['大楼'],['dàlóu'],['большое здание']
['大陆'],['dàlù'],"['материковый Китай; материк, континент']"
['大妈'],['dàmā'],"['жена старшего брата отца, бабушка, форма вежливого обращения к пожилой женщине']"
['大型'],['dàxíng'],"['крупный, большой; крупногабаритный; крупномасштабный']"
['大爷'],['dàye'],"['дядя (старший брат отца), тесть; (вежл.) Вы; господин (к старшему); хозяин']"
['大众'],['dàzhòng'],"['широкие массы, народ, публика']"
['代替'],['dàitì'],"['заменять; замена; вместо, за']"
['待遇'],['dàiyù'],['обращение; обхождение; обращаться; обходиться с кем-либо; права; льготы']
['袋'],['dài'],"['мешок, пакет']"
['戴'],['dài'],"['носить; надевать (головной убор, перчатки, украшения и т.п.); почитать; ылюбить']"
['担保'],['dānbǎo'],"['ручаться, гарантировать; поручительство, гарантия, обеспечение; гарантийный']"
['担任'],['dānrèn'],"['исполнять (обязанности), брать на себя (ответственность); отвечать за']"
['担心'],['dān xīn'],"['волноваться, переживать']"
['单'],['dān'],"['список, перечень, счет, квитанция, листок, бумага, записка; один, одиночный, нечетный, однослойный; только, единственно']"
['单纯'],['dānchún'],['простой; чистый; наивный']
['单调'],['dāndiào'],['монотонный; однообразный; пресный; скучный']
['单独'],['dāndú'],"['один; отдельный, одиночный; изолированный, сепаратный; единоличный; самостоятельный']"
['淡'],['dàn'],['жидкий; слабый; редкий; скудный; пресный']
['导游'],['dǎoyóu'],['вести экскурсию; гид; путеводитель']
['导致'],['dǎozhì'],"['привести к..., вызвать к.-либо последствия']"
['倒闭'],['dǎobì'],['обанкротиться; банкротство; крах']
['倒车'],['dǎo chē'],['пересаживаться; пересадка']
['倒车'],['dào chē'],['идти задним ходом; задний ход']
['得意'],['déyì'],['довольный; самодовольный']
['得'],['děi'],"['быть должным, иметь необходимость; мод. глагол, выражает долженствование или необходимость, употребляется в утвердительных предложениях); требовать, нуждаться']"
['灯光'],['dēngguāng'],"['свет, освещение']"
['登'],['dēng'],"['подниматься, взбираться, ступать на; (о зерне) созревать, спеть']"
['登记'],['dēng jì'],['регистрироваться; регистрация; регистрационный; регистровый; брать на учет']
['登录'],['dēnglù'],['регистрация; регистрировать(ся); залогиниться']
['登山'],['dēng shān'],"['подниматься на гору, заниматься альпинизмом или скалолазанием']"
['的确'],['díquè'],"['действительный, подлинный; фактический; верно, правда, в самом деле']"
['敌人'],['dírén'],"['враг, противник, неприятель']"
['底'],['dǐ'],['дно; низ; нижний; конец']
['地方'],['dìfāng'],"['местный, локальный, территориальный; туземный; провинциальный']"
['地面'],['dìmiàn'],['пол; поверхность земли']
['地位'],['dìwèi'],['положение; место']
['地下'],['dìxià'],"['подземный, под землей; тайный, подпольный, незаконный']"
['地址'],['dìzhǐ'],['адрес']
['典型'],['diǎnxíng'],"['типичный, классический, образцовый, показательный, образец, тип, пример']"
['点名'],['diǎn míng'],"['делать перекличку, называть по имени']"
['电灯'],['diàndēng'],['электрическая лампа']
['电动车'],['diàndòngchē'],"['электромобиль, транспорт с питанием от батареи']"
['电梯'],['diàntī'],"['лифт, эскалатор']"
['电源'],['diànyuán'],"['источник тока, источник питания, источник энергии']"
['顶'],['dǐng'],['вершина; верхушка; макушка; крыша; сч. сл. для головных уборов; нести наголове; подпирать']
['定'],['dìng'],"['быть стабильным или спокойным; фиксировать; решать, определять; заказывать; непременно, обязательно']"
['冬季'],['dōngjì'],"['зимний сезон, зима, зимний период, зимнее время']"
['动画片'],['dònghuàpiàn'],['мультфильм']
['动摇'],['dòngyáo'],"['шатать(ся), колебать(ся), быть в нерешительности']"
['豆腐'],['dòufu'],"['соевый творог, тофу']"
['独立'],['dúlì'],['отдельный; независимый; самостоятельный']
['独特'],['dútè'],"['особый, своеобразный, свой, самобытный, исключительный, специфический']"
['独自'],['dúzì'],"['сам, один, в одиночку']"
['堵'],['dǔ'],"['блокировать, преграждать путь']"
['堵车'],['dǔ chē'],"['автомобильная пробка, затор']"
['肚子'],['dùzi'],"['живот; перен. сердце, душа']"
['度过'],['dùguò'],"['провести, прожить, пережить']"
['锻炼'],['duànliàn'],"['закаляться, тренироваться, заниматься физкультурой']"
['对比'],['duìbǐ'],"['сравнивать, сопоставлять; сравнение, соотношение, пропорция']"
['对付'],['duìfu'],"['справиться с, осилить; реагировать на; принимать меры; противостоять']"
['对于'],['duìyú'],"['по отношению к...; относительно; о, об']"
['多次'],['duō cì'],['много раз; неоднократно']
['多年'],['duō nián'],['много лет']
['多样'],['duōyàng'],"['различный, разнообразный']"
['多种'],['duōzhǒng'],['много видов; многочисленный; разнообразный']
['恶心'],['ěxin'],"['тошнота, тошнить; тошнотворный']"
['儿童'],['értóng'],"['подросток, ребёнок; детский']"
['而'],['ér'],"['и; да; к тому же, но, а;']"
['而是'],['ér shì'],"['а, но']"
['耳机'],['ěrjī'],"['наушники, гарнитура']"
['二手'],['èrshǒu'],"['подержанный, с рук']"
['发挥'],['fāhuī'],"['проявить, выявить; (полностью) раскрыть']"
['发票'],['fāpiào'],"['накладная; счёт-фактура; счёт; инвойс, товарный чек, квитанция']"
['发烧'],['fā shāo'],"['жар, иметь высокую температуру']"
['法'],['fǎ'],"['закон, правило; метод, способ, подход']"
['法官'],['fǎguān'],['судья']
['法律'],['fǎlǜ'],['закон; право; правовой; юридический']
['法院'],['fǎyuàn'],"['суд, судебная палата']"
['翻'],['fān'],['опрокидывать(ся); перевёртываться; переводить; перелистывать; листать']
['翻译'],['fānyì'],"['перевод, переводить; переводчик']"
['烦'],['fán'],"['раздражать, надоедать; (вежл.) беспокоить, утруждать; уставший, раздосадованный; беспокойный, раздражительный']"
['反'],['fǎn'],"['наоборот, вместо этого; вверх дном, шиворот-навыворот; противоположный, обратный; противостоять; бунтовать против']"
['反而'],['fǎnér'],"['наоборот, напротив, вопреки этому']"
['反映'],['fǎnyìng'],"['отражать; отражение; воспроизводить, давать в отражённом виде; отображать, доносить, передавать']"
['方'],['fāng'],"['квадрат; квадратный; прямоугольный; кубический; сторона; место; метод, способ']"
['方案'],['fāngàn'],"['метод, способ, план; проект, вариант; законопроект; программа']"
['方针'],['fāngzhēn'],"['курс, направление, ориентация; политическая линия; установка; политика']"
['放松'],['fàngsōng'],"['ослаблять, послаблять; отдыхать, расслабляться']"
['非'],['fēi'],"['в простом предложении: не являться, не быть (кем-л., чем-л.); не есть; это не; анти']"
['肥'],['féi'],"['жирный, толстый; (об одежде) свободный; богатый, плодородный; прибыльный, выгодный']"
['分布'],['fēnbù'],['распределять; располагать; распределение; распределительный; распространяться; распространение']
['分散'],['fēnsàn'],['рассредоточивать(ся); распылять; раздроблять; разобщённый; рассеивать(ся); распылять(ся)']
['分手'],['fēn shǒu'],['расставаться; расходиться; разлука; разрыв деловых связей; развод']
['分为'],['fēnwéi'],['делить(ся) на']
['…分之…'],['… fēn zhī…'],['употребляется для выражения дроби и процентного соотношения']
['纷纷'],['fēnfēn'],['один за другим; во множестве; массами; наперебой; беспрерывно; беспорядочно']
['奋斗'],['fèndòu'],"['борьба; бороться; стараться, пытаться; стремиться, прилагать усилия']"
['风格'],['fēnggé'],"['стиль, жанр, манера; облик']"
['风景'],['fēngjǐng'],"['вид, пейзаж, ландшафт']"
['风俗'],['fēngsú'],"['обычай, привычка; нравы']"
['封闭'],['fēngbì'],"['запечатывать; замыкать, наглухо закрытый; замкнутый']"
['否则'],['fǒuzé'],"['иначе, а то..., если не так, то...; в противном случае...']"
['夫妇'],['fūfù'],['муж и жена; супруги']
['夫妻'],['fūqī'],"['муж и жена, супруги']"
['夫人'],['fūren'],"['госпожа, леди, мадам, миссис; супруга, жена']"
['符号'],['fúhào'],['условный знак; символ']
['符合'],['fúhé'],"['соответствовать, отвечать (чему-либо); совпадать c; совпадение, соответствие']"
['付出'],['fùchū'],"['платить, выплачивать, расходовать, тратить, вкладывать']"
['负担'],['fùdān'],"['нести (напр., ответственность); брать на себя ; бремя; обуза']"
['附近'],['fùjìn'],['поблизости']
['复制'],['fùzhì'],['копировать; дублировать; воспроизводить']
['改善'],['gǎishàn'],"['улучшать, исправлять (от плохого к хорошему)']"
['改正'],['gǎizhèng'],"['исправлять; вносить исправления; поправлять; исправление, поправка']"
['盖'],['gài'],['крышка; покрывать; навес; строить']
['概括'],['gàikuò'],"['резюмировать, обобщать; обобщение; обобщенный, общий']"
['感兴趣'],['gǎnxìngqù'],"['интересоваться, испытывать интерес к ч.-либо']"
['高潮'],['gāocháo'],['прилив; прибой; высокий уровень воды; подъём; кульминация']
['高价'],['gāojià'],['высокая цена']
['高尚'],['gāoshàng'],"['высокий, возвышенный; благородный']"
['高铁'],['gāotiě'],['высокоскоростная железная дорога']
['格外'],['géwài'],"['особенно, исключительно; необычайно; чрезвычайно']"
['隔'],['gé'],"['отделять; находиться на расстоянии от, отстоять во времени от']"
['隔开'],['gékāi'],"['разделять, держать на расстоянии']"
['个别'],['gèbié'],"['отдельный; обособленный, индивидуальный; частный; единичный']"
['个体'],['gètǐ'],['индивид; особь; индивидуальный']
['各个'],['gègè'],"['каждый, всякий, все; отдельно, один за другим']"
['根'],['gēn'],"['корень, основание,счётное слово для длинных предметов']"
['根据'],['gēnjù'],"['согласно...; данные, основания']"
['工程'],['gōngchéng'],"['инженерное дело; проект, работы']"
['公元'],['gōngyuán'],['новая эра; христианская эра; наша эра']
['供应'],['gōngyìng'],"['снабжать, поставлять']"
['共'],['gòng'],"['всего, в итоге; вместе']"
['构成'],['gòuchéng'],"['составить, образовать; создать; состав; структура']"
['构造'],['gòuzào'],"['структура, строение, устройство; строить, сооружать']"
['购买'],['gòumǎi'],"['закупать; покупать; скупать; покупка, купля']"
['购物'],['gòuwù'],"['покупка товаров, шопинг']"
['骨头'],['gǔtou'],['кость; кости ; человеческие качества; характер; натура']
['固定'],['gùdìng'],"['закрепление на месте; фиксация, фиксирование; закреплять, закрепить']"
['瓜'],['guā'],"['дыня, тыква; предмет в форме дыни; парень']"
['怪'],['guài'],"['странный, необычный']"
['关'],['guān'],"['пункт контроля; таможня; критический момент, трудные времена, препятствия']"
['关闭'],['guānbì'],"['закрывать, запирать; выключать']"
['关于'],['guānyú'],"['о..., касательно']"
['官'],['guān'],"['чиновник, официальное лицо; офицер; служащий; мандарин, чин; должность, чин; ранг']"
['官方'],['guānfāng'],['официальный; правительственный; правительство']
['光临'],['guānglín'],"['(вежл.) Ваш визит, Ваше посещение; посетить; удостоить посещением']"
['光盘'],['guāngpán'],"['оптический диск, компакт-диск, CD или DVD - диск; лазерный носитель']"
['逛'],['guàng'],"['прогуливаться, прохаживаться; гулять']"
['归'],['guī'],"['приходить обратно, возвращаться; отдавать обратно, возвращать']"
['规律'],['guīlǜ'],"['закономерность, правило, закон; порядок, регламент']"
['规模'],['guīmó'],['масштаб; размах; размер; масштабный']
['规则'],['guīzé'],['норма; правило; постановление; устав; инструкция']
['果实'],['guǒshí'],"['плод; фрукт; плоды, результат']"
['过分'],['guò fèn'],['сверх меры; чересчур; слишком']
['海水'],['hǎishuǐ'],['морская вода']
['海鲜'],['hǎixiān'],"['морепродукты, морские деликатесы, дары моря']"
['含'],['hán'],"['содержать, охватывать']"
['含量'],['hánliàng'],['содержание']
['含义'],['hányì'],"['содержание, смысл, значение']"
['含有'],['hányǒu'],"['содержать, заключать в себе']"
['寒假'],['hánjià'],"['зимние каникулы (напр. о школе, об университете)']"
['寒冷'],['hánlěng'],['холодный']
['行业'],['hángyè'],['отрасль; ремесло; профессия']
['航班'],['hángbān'],"['рейс, номер рейса']"
['航空'],['hángkōng'],['воздухоплавание; авиация; авиационный; авиа-; аэро']
['毫米'],['háomǐ'],['миллиметр']
['毫升'],['háoshēng'],['миллилитр']
['好友'],['hǎoyǒu'],['хороший друг']
['号码'],['hàomǎ'],"['номер, число, цифра']"
['好'],['hǎo'],"['хорошо, хороший']"
['合同'],['hétong'],"['контракт, соглашение; договор']"
['黑暗'],['hēiàn'],"['темный, коррумпированный, реакционный; темнота']"
['红包'],['hóngbāo'],"['денежный подарок; красный конверт с деньгами, который преподносят в качестве подарка']"
['后头'],['hòutou'],"['зад, позади']"
['厚'],['hòu'],"['толстый (о плоских предметах); глубокий; сильный, крепкий, густой']"
['呼吸'],['hūxī'],['дышать; дыхание']
['忽视'],['hūshì'],['игнорировать; пренебрегать; оставлять без внимания']
['户'],['hù'],"['дверь; семья, хозяйство; статус семьи']"
['护士'],['hùshi'],"['медсестра, медбрат']"
['花'],['huā'],['цветной']
['划'],['huá'],['делать надрез; царапать; чиркать (спичкой); грести']
['划'],['huà'],['разграничить; провести черту']
['怀念'],['huáiniàn'],['вспоминать; скучать; тосковать по к.- либо/ч.-либо']
['怀疑'],['huáiyí'],['сомневаться; сомнение; подозревать; подозрение']
['缓解'],['huǎnjiě'],"['смягчить, ослабить; уладить, разрешить конфликт']"
['黄瓜'],['huángguā'],['огурец']
['黄金'],['huángjīn'],['золото; золотой']
['回复'],['huífù'],['отвечать (на письмо); ответ']
['汇'],['huì'],['переводить (деньги); иностранная валюта']
['汇报'],['huìbào'],['докладывать; рапортовать; сводка; отчёт']
['汇率'],['huìlǜ'],"['обменный, валютный курс']"
['婚礼'],['hūnlǐ'],['свадьба; свадебный обряд; бракосочетание']
['火'],['huǒ'],"['процветающий, популярный; красный']"
['伙'],['huǒ'],"['партнер, товарищ; компания, партнерство; еда, питание; счетное слово для групп людей']"
['伙伴'],['huǒbàn'],['компаньон; товарищ; партнер']
['或许'],['huòxǔ'],['может быть; возможно']
['货'],['huò'],"['товар, продукция; валюта, деньги; (бран.) дурак, болван']"
['获'],['huò'],"['получать, приобретать; ловить, хватать']"
['获得'],['huòdé'],['получить; достигнуть; добиться']
['获奖'],['huòjiǎng'],"['получать приз; призовой, выигрышный']"
['获取'],['huòqǔ'],"['получать, приобретать']"
['几乎'],['jīhū'],"['почти, практически']"
['机构'],['jīgòu'],"['механизм, устройство, аппарат; орган, организация; структура']"
['机遇'],['jīyù'],"['случай, шанс, удобный случай, благоприятная возможность']"
['积累'],['jīlěi'],"['накапливать; накопление (напр., о капитале); аккумулирование']"
['激动'],['jīdòng'],['возбуждать; волновать; волноваться; возбуждаться']
['激烈'],['jīliè'],['острый; бурный; ожесточенный']
['及格'],['jí gé'],"['выдерживать экзамен (испытание), зачет']"
['极'],['jí'],"['крайне, полюс']"
['极其'],['jíqí'],"['чрезвычайно, крайне']"
['即将'],['jíjiāng'],"['в ближайшем будущем, в скором времени; скоро; вот-вот']"
['急忙'],['jímáng'],"['поспешно, торопливо; спешить; торопиться']"
['集合'],['jíhé'],"['соединение; состав, смесь']"
['记载'],['jìzǎi'],['записывать; записки; записи']
['纪律'],['jìlǜ'],['дисциплина']
['技巧'],['jìqiǎo'],['мастерство; искусство; техника; навык']
['系'],['jì'],"['спускать на верёвке, свешивать, подвешивать; вешать; свисать']"
['季'],['jì'],"['сезон, период; четвертый или самый молодой из братьев']"
['季度'],['jìdù'],"['квартал, сезон']"
['季节'],['jìjié'],"['сезон, время года']"
['既'],['jì'],"['уже; и ..., и ...; а также']"
['既然'],['jìrán'],"['раз уже, поскольку, коль скоро, уж коли..., а если уж...']"
['寄'],['jì'],['отправлять; посылать; поручать; вверять']
['加班'],['jiā bān'],['работать сверхурочно; сверхурочная работа']
['加入'],['jiārù'],"['добавлять; вступать в, становиться членом; присоединяться']"
['加油站'],['jiāyóuzhàn'],['заправочная станция']
['家务'],['jiāwù'],['домашние дела; домашнее хозяйство']
['假如'],['jiǎrú'],"['если; если бы; предположим, что']"
['坚固'],['jiāngù'],"['крепкий, прочный; твёрдый; стойкий; укреплять']"
['检测'],['jiǎncè'],"['тест; определять, устанавливать']"
['减'],['jiǎn'],"['уменьшать(ся), сокращать(ся); вычитать, отнимать']"
['减肥'],['jiǎn féi'],['худеть; похудение; снижение веса']
['减少'],['jiǎnshǎo'],"['уменьшать, убавлять, сокращать; редукция']"
['简历'],['jiǎnlì'],"['краткая биография, резюме']"
['健身'],['jiànshēn'],"['гимнастика, фитнес; следить за здоровьем, укреплять здоровье']"
['渐渐'],['jiànjiàn'],"['постепенно, мало-помалу']"
['江'],['jiāng'],['река; речной']
['讲究'],['jiǎngjiu'],"['уделять серьёзное внимание, серьёзно относиться;изысканный, со вкусом']"
['讲座'],['jiǎngzuò'],['курс (цикл) лекций']
['奖'],['jiǎng'],"['награждать; награда, приз']"
['奖金'],['jiǎngjīn'],"['приз, премия, бонус, денежная награда']"
['奖学金'],['jiǎngxuéjīn'],['стипендия']
['降'],['jiàng'],"['опускаться, снижаться; падать; выпадать (об осадках); спускаться (на землю); рождаться']"
['降低'],['jiàngdī'],['снизить(ся); понизить(ся); снижение; понижение']
['降价'],['jiàng jià'],['снижать цену']
['降落'],['jiàngluò'],['спускаться; падать; совершить посадку; приземлиться; посадка']
['降温'],['jiàng wēn'],"['понижать температуру, охлаждать; (о температуре) падать; обр. охлаждаться, снижаться, спадать']"
['交换'],['jiāohuàn'],['обменивать(ся); обмен; чередование; перестановка; коммутация коммутирование']
['交际'],['jiāojì'],"['общаться; принимать (друзей); устраивать приёмы, вести светскую жизнь']"
['教授'],['jiàoshòu'],['профессор; преподавать; обучать']
['教训'],['jiàoxun'],"['поучать, читать нотации; учить уму- разуму; урок; наука']"
['阶段'],['jiēduàn'],"['этап; стадия, фаза, ступень; период']"
['街道'],['jiēdào'],['улица']
['节省'],['jiéshěng'],['экономия; сбережение ；экономить; беречь; сберегать; сокращать']
['结'],['jié'],"['узел, узелок, бантик, завязывать, заключать (союз); финал, концовка, окончание; заключительная строка (стихов); четвёртая строка четверостишия; концовка, заключение; заключительный']"
['结构'],['jiégòu'],"['конструкция, структура, строение, компоновка, устройство']"
['结论'],['jiélùn'],"['вывод, заключение; умозаключение; резюме']"
['姐妹'],['jiěmèi'],['сестры (старшая и младшая)']
['解释'],['jiěshì'],"['объяснять, разъяснять; толковать; толкование']"
['尽快'],['jǐnkuài'],"['во весь опор, изо всей мочи, как можно скорее, в кратчайшие сроки']"
['紧密'],['jǐnmì'],"['тесный, плотный, частый']"
['尽力'],['jìn lì'],['отдавать все силы; прилагать максимум усилий']
['进口'],['jìnkǒu'],"['импорт; импортный; импортировать, ввозить']"
['近代'],['jìndài'],['новая (современная) эпоха']
['禁止'],['jìnzhǐ'],"['прекратить, пресечь, запретить; запрещённый']"
['经典'],['jīngdiǎn'],['классика; классический; канон;']
['精力'],['jīnglì'],"['энергия, силы']"
['竟然'],['jìngrán'],"['в конце концов, в итоге; неожиданно; оказываться']"
['镜头'],['jìngtóu'],"['объектив (оптич. прибора); линза, кадр']"
['镜子'],['jìngzi'],['зеркало']
['究竟'],['jiūjìng'],"['в конце концов; в заключение всего, наконец; в конечном счёте']"
['酒吧'],['jiǔbā'],"['бар, паб, винная стойка, ночной клуб']"
['居民'],['jūmín'],['житель; население']
['居住'],['jūzhù'],"['проживать, жить']"
['局'],['jú'],"['бюро, контора, учреждение']"
['巨大'],['jùdà'],['крупный; огромный; грандиозный; колоссальный; гигантский']
['具备'],['jùbèi'],"['иметь, обладать, быть готовым, иметься в наличии']"
['距离'],['jùlí'],"['расстояние, дальность, промежуток, дистанция']"
['聚'],['jù'],['собираться вместе']
['聚会'],['jùhuì'],"['собираться, встречаться; встреча, собрание']"
['卷'],['juǎn'],"['свёртывать, скручивать; скатывать; наматывать; свёрток; рулон']"
['卷'],['juàn'],['свиток (картины); том; книга; экзаменационная работа']
['角色'],['juésè'],['роль; действующее лицо; персонаж']
['开花'],['kāi huā'],"['цвести; быть счастливым, ликовать']"
['开水'],['kāishuǐ'],['кипяток; кипяченая вода; кипящая вода']
['看不起'],['kànbuqǐ'],"['презирать, третировать; смотреть свысока']"
['看来'],['kànlai'],"['скорее всего, кажется, по-видимому']"
['看望'],['kànwàng'],"['посетить, навестить, нанести визит']"
['考察'],['kǎochá'],['обследовать; изучать; проверять']
['考虑'],['kǎolǜ'],"['думать, обдумывать, продумывать, размышлять']"
['棵'],['kē'],['сч. слово для деревьев и др. растений']
['可见'],['kějiàn'],"['видно, видимо, значит; отсюда очевидно; следовательно, таким образом']"
['空间'],['kōngjiān'],['пространство; пространственный; космическое пространство']
['空'],['kòng'],['освободить(ся); высвободить; свободный']
['口袋'],['kǒudai'],"['карман; сумка, мешок']"
['口语'],['kǒuyǔ'],"['разговорный язык, устная речь']"
['苦'],['kǔ'],['горький; горечь; тяжёлый; горький; горе; невзгоды']
['会计'],['kuàijì'],['бухгалтерия; отчётность; счетовод; бухгалтер']
['快递'],['kuàidì'],['срочная доставка']
['宽'],['kuān'],"['широкий, пространный; обширный, просторный']"
['宽广'],['kuānguǎng'],"['широкий, просторный; обширный, пространный']"
['矿泉水'],['kuàngquánshuǐ'],['минеральная водa']
['扩大'],['kuòdà'],['увеличивать; расширять; расширенный']
['扩展'],['kuòzhǎn'],"['расширять(ся), распространять(ся)']"
['括号'],['kuòhào'],['скобка (знак препинания)']
['垃圾'],['lājī'],"['мусор, отбросы']"
['拉开'],['lākāi'],"['раздвигать, растягивать']"
['辣'],['là'],['острый; крепкий']
['来不及'],['láibují'],"['не успеть, не поспеть, не управиться, не обернуться']"
['来得及'],['láidejí'],"['успеть, поспеть; управиться, обернуться']"
['来源'],['láiyuán'],['истоки; источник; происходить; исходить из']
['老公'],['lǎogōng'],['неформ. муж']
['老家'],['lǎojiā'],"['родной дом, родные места, родина']"
['老婆'],['lǎopó'],['жена; разг. баба']
['老实'],['lǎoshi'],"['честный, искренний; правдивый; простой; скромный; простодушный']"
['乐趣'],['lèqù'],['радость; отрада']
['泪'],['lèi'],['слеза']
['泪水'],['lèishuǐ'],"['слеза, слезинка']"
['类型'],['lèixíng'],"['тип, вид; форма; образец; тип']"
['冷静'],['lěngjìng'],"['невозмутимый, хладнокровный, спокойный, тихий, безлюдный']"
['厘米'],['límǐ'],['сантиметр']
['离不开'],['lí bù kāi'],"['быть неотделимым, быть неразрывно связанным с, никак не обходиться без']"
['力气'],['lìqi'],['сила; энергия']
['历史'],['lìshǐ'],['история']
['立即'],['lìjí'],"['сразу же, тут же, немедленно, тотчас']"
['利息'],['lìxī'],['проценты на капитал']
['利益'],['lìyì'],"['интересы; польза, выгода']"
['俩'],['liǎ'],['два; двое; оба; вдвоём; пара']
['良好'],['liánghǎo'],"['хороший, прекрасный, превосходный']"
['量'],['liáng'],"['измерять; взвешивать; отмеривать, отвешивать; вымеривать; исчислять; оценивать, учитывать']"
['粮食'],['liángshi'],"['продовольствие; продовольственный, пищевой']"
['两边'],['liǎngbian'],['оба конца; обе стороны; оба направления; по двум направлениям; с двух сторон']
['疗养'],['liáoyǎng'],"['лечить; выздоравливать, поправляться']"
['了不起'],['liǎobuqǐ'],"['необыкновенный, необычайный, замечательный; изумительный']"
['了解'],['liǎojiě'],"['понимать, узнавать']"
['列'],['liè'],"['ряд, строка; категория, вид, сорт; все, каждый; счетное слово для ряда']"
['列车'],['lièchē'],['поезд; состав']
['列入'],['lièrù'],"['вносить, включать']"
['列为'],['lièwéi'],"['причислять, относить к']"
['临时'],['línshí'],['когда наступит время; в нужный момент; временный']
['零食'],['língshí'],"['закуска, лёгкая еда, снэк, фаст-фуд; лакомство']"
['流传'],['liúchuán'],['иметь хождение; передаваться из уст в уста; распространяться']
['楼梯'],['lóutī'],['лестница']
['陆地'],['lùdì'],"['суша, континент, материк; земля']"
['陆续'],['lùxù'],"['непрерывно, последовательно, поочерёдно, один за другим']"
['录取'],['lùqǔ'],"['принять, зачислить']"
['律师'],['lǜshī'],"['адвокат, юрист']"
['轮'],['lún'],['колесо; делать что-то по очереди']
['轮船'],['lúnchuán'],['пароход']
['轮椅'],['lúnyǐ'],['инвалидное кресло']
['轮子'],['lúnzi'],['колесо; диск']
['论文'],['lùnwén'],['статья; трактат; диссертация']
['落'],['luò'],"['опадать; ронять; идти (об осадках); падать, опускаться']"
['毛巾'],['máojīn'],['полотенце']
['毛衣'],['máoyī'],['свитер']
['帽子'],['màozi'],"['головной убор, шапка']"
['没错'],['méicuò'],"['верно, правильно, да']"
['没法儿'],['méifǎér'],"['нет выхода, ничего не поделаешь']"
['没想到'],['méixiǎngdào'],"['не ожидал, вовсе не думал, никак не предполагал']"
['美金'],['měijīn'],['доллар США']
['美女'],['měinǚ'],"['красивая женщина, красавица, красотка']"
['梦'],['mèng'],"['мечта, сон']"
['梦见'],['mèngjiàn'],['видеть во сне']
['梦想'],['mèngxiǎng'],['мечтать; мечта; фантазия; мечтать; строить иллюзии']
['秘密'],['mìmì'],"['тайна, секрет; тайный, секретный']"
['秘书'],['mìshū'],['секретарь']
['密'],['mì'],"['густой, плотный; близкий, тесный; тонкий, тщательный; тайный, конфиденциальный']"
['密码'],['mìmǎ'],"['пароль, шифр, код, пин-код; шифрованный']"
['密切'],['mìqiè'],"['тесный, близкий, сблизить (об отношениях); пристально, внимательно; тщательно']"
['免费'],['miǎn fèi'],['бесплатный; освобождать от платы']
['面临'],['miànlín'],['стоять перед; стоять перед лицом; стоять перед кем-чем; лицом к лицу']
['面试'],['miànshì'],"['интервью, собеседование; проходить собеседование']"
['描述'],['miáoshù'],"['описывать, изображать']"
['描写'],['miáoxiě'],['описывать; изображать; рисовать; излагать; описание']
['名牌儿'],['míngpáir'],['известная марка']
['名片'],['míngpiàn'],"['визитная карточка, визитка']"
['名人'],['míngrén'],"['знаменитость, известная личность']"
['摸'],['mō'],"['делать на ощупь, нащупывать; пробовать, проверять']"
['模特儿'],['mótèr'],['модель']
['模型'],['móxíng'],"['модель, макет; муляж; тех. форма (напр., литейная)']"
['末'],['mò'],['конец; последняя стадия; незначительные детали']
['默默'],['mòmò'],"['молча, без слов; беззвучный']"
['哪怕'],['nǎpà'],"['хотя бы; пусть; даже если, даже когда']"
['哪'],"['nǎ, nǎi, něi,na, né']","['1) nǎ, разг. nǎi, něi какой?, который?; какой же? 2) nǎ, разг. nǎi, něi какой бы ни был, который бы ни случился; любой (с последующим отрицанием: никакой, никоторый)']"
['男女'],['nánnǚ'],['мужчины и женщины']
['男士'],['nánshì'],"['джентльмен, господин']"
['难免'],['nánmiǎn'],"['сложно избежать; неизбежный, неотвратимый']"
['脑袋'],['nǎodai'],"['голова, башка; ум, мозг']"
['闹'],['nào'],"['шумный; шуметь; беспокоить; давать волю (чувствам); болеть, страдать от; подшучивать над; делать, устраивать']"
['闹钟'],['nàozhōng'],['будильник']
['内部'],['nèibù'],['внутренняя часть; внутри; внутренний']
['内科'],['nèikē'],['внутренние болезни; терапия; терапевтическое отделение']
['能干'],['nénggàn'],"['работоспособный, дельный; способный, одарённый; работящий']"
['宁静'],['níngjìng'],"['спокойный, тихий']"
['浓'],['nóng'],['густой; плотный; концентрированный; крепкий; сочный (о цвете)']
['女士'],['nǚshì'],['госпожа; мадам; леди']
['暖气'],['nuǎnqì'],['центральное отопление']
['拍照'],['pāi zhào'],['фотографировать']
['排列'],['páiliè'],"['располагать, расставлять; расстановка; построить, выстроить']"
['牌'],['pái'],"['доска, табличка; бренд, марка; карты, домино, маджонг и т.д.; щит; мелодия в традиционной поэме или пьесе']"
['盘'],['pán'],"['тарелка, блюдо, поднос, лоток; предмет в форме тарелки или подноса; рыночная котировка, текущая цена; сч.слово партия (игры), блюдо, катушка, виток']"
['盘子'],['pánzi'],['тарелка; блюдо; поднос']
['胖子'],['pàngzi'],"['толстяк, толстый человек']"
['培训'],['péixùn'],['готовить; растить; обучать; тренировать']
['培训班'],['péixùnbān'],"['дополнительный учебный курс, кружок, секция']"
['培养'],['péiyǎng'],['вскармливать; выращивать; развивать; культивировать']
['培育'],['péiyù'],"['выращивать; культивировать; воспитывать, обучать']"
['批'],['pī'],['критиковать; ставить резолюцию (на документе от подчиненного); покупать оптом']
['批'],['pī'],"['партия, группа']"
['片面'],['piànmiàn'],['односторонний; однобокий']
['品质'],['pǐnzhì'],['1) (моральные) качества 2) качество (напр. товара)']
['平方'],['píngfāng'],['квадрат; квадратный']
['平静'],['píngjìng'],"['спокойный; тихий; утихнуть, успокоиться']"
['平均'],['píngjūn'],"['средний; в среднем, средним числом, уравнительный; уравнение, поровну']"
['平稳'],['píngwěn'],"['устойчивый, стабильный, ровный']"
['迫切'],['pòqiè'],"['срочный, актуальный, насущный, настойчивый']"
['破产'],['pò chǎn'],"['обанкротиться, разориться; банкротство, разорение']"
['妻子'],['qīzi'],['жена']
['期待'],['qīdài'],['надеяться на что-либо; ждать чего-либо; надежда; ожидания']
['期间'],['qījiān'],['период; промежуток времени; срок; стадия; эпоха']
['期末'],['qīmò'],['конец семестра']
['期限'],['qīxiàn'],"['крайний срок, временной предел, лимит времени']"
['期中'],['qīzhōng'],['середина семестра']
['其余'],['qíyú'],"['остальной, прочий, другой; остаток, излишек']"
['企业'],['qǐyè'],['предприятие; предпринимательство']
['气球'],['qìqiú'],"['воздушный шар, аэростат; баллон']"
['汽水'],['qìshuǐ'],['газированная вода']
['汽油'],['qìyóu'],['бензин']
['器官'],['qìguān'],['орган; органы; аппарат']
['前头'],['qiántou'],"['перед, впереди']"
['前途'],['qiántú'],['перспективы; будущее; будущность; лежащий впереди путь']
['浅'],['qiǎn'],"['неглубокий; поверхностный; неширокий, малый, узкий; светло-, бледно']"
['巧克力'],['qiǎokèlì'],['шоколад']
['切'],['qiē'],"['резать, нарезать; разрезать, рассекать']"
['亲爱'],['qīnài'],['дорогой; любимый']
['亲密'],['qīnmì'],['близкий (об отношениях); интимный']
['青春'],['qīngchūn'],"['молодость, юность; весенняя пора жизни']"
['轻松'],['qīngsōng'],['лёгкий; непринуждённый; расслабиться']
['轻易'],['qīngyì'],"['лёгкий; легко; необдуманный; легкомысленно, опрометчиво']"
['清醒'],['qīngxǐng'],['ясный; трезвый; прийти в себя; очнуться']
['情景'],['qíngjǐng'],"['ситуация; сценарий; картина; сцена; обстановка, обстоятельства']"
['穷'],['qióng'],['бедный; нищий; иссякать; кончаться']
['穷人'],['qióngrén'],"['бедняк, бедный человек']"
['秋季'],['qiūjì'],['осенний сезон; осень; осенний']
['趋势'],['qūshì'],['основное направление; тенденция']
['圈'],['quān'],"['кольцо; круглое отверстие; круг, окружность']"
['权利'],['quánlì'],['право; юридическое право; прерогатива']
['却'],['què'],['однако; но; тем не менее; (в соч.) отступать; отходить назад']
['确认'],['quèrèn'],['признать; констатировать; подтверждение']
['然而'],['ránér'],"['но, однако; тем не менее']"
['燃料'],['ránliào'],"['топливо, горючее']"
['燃烧'],['ránshāo'],['возгорание; воспламенение; горение; зажигать; воспламенять']
['热闹'],['rènao'],['оживлённый; людный; шумный; веселье; весёлый']
['热心'],['rèxīn'],"['энтузиазм, воодушевление; энтузиаст; одержимый идеей; сердечный; горячий; усердный; прилежный; ревностный']"
['人家'],"['rénjiā, rénjia']","['5) 1) дом, двор; семейный очаг; жилище 2) частная квартира, жилой (частный) дом 3) фамилия, семья, семейство 4) человек (как представитель профессии) 5)rénjia мест. (часто безлично) другой человек, другие, чужие; кто-то; человек( намек на себя)']"
['日记'],['rìjì'],"['дневник, ежедневник']"
['日历'],['rìlì'],['календарь; настенный отрывной ежедневный календарь']
['如今'],['rújīn'],['ныне; теперь; в настоящее время']
['弱'],['ruò'],['слабый; хилый; малолетний']
['伞'],['sǎn'],['зонтик']
['散'],['sǎn; sàn'],"['sàn расходиться, разбредаться; разбегаться, рассеиваться;досу, безделье, бокал; sǎn рассыпаться, разваливаться; распадаться; расформировываться; порошок']"
['扫'],['sǎo'],"['мести, выметать; сметать, подметать; вытирать; чистить; стирать; устарнять, удалять']"
['色'],['sè'],"['цвет, окраска; краска; тон; оттенок; крашеный, цветной; красочный; цвет лица, выражение лица']"
['色彩'],['sècǎi'],"['окраска, цвет; колер, колорит; оттенок (цвета)']"
['森林'],['sēnlín'],['лес; леса; лесной']
['晒'],['shài'],['сохнуть (на солнце); греться; загорать']
['闪'],['shǎn'],"['сверкнуть, мелькнуть; увернуться, скрыться, отскочить; вывихнуть, растянуть (часть тела); (диал.) оставить, бросить']"
['闪电'],['shǎndiàn'],['молния; зарница']
['善良'],['shànliáng'],['достойный; порядочный; добросердечный']
['善于'],['shànyú'],['быть искусным в чём-либо; хорошо уметь']
['伤害'],['shānghài'],['вредить; повреждать; наносить повреждения']
['商务'],['shāngwù'],"['торговые, коммерческие дела; коммерческая деятельность']"
['赏'],['shǎng'],"['награждать; любоваться, наслаждаться; ценить, почитать; удостаивать своим присутствием; награда']"
['上个月'],['shàng ge yuè'],['прошлый месяц']
['上楼'],['shànglóu'],"['подниматься, идти наверх']"
['上门'],['shàng mén'],"['приходить к кому-то, посещать, заглядывать в гости']"
['烧'],['shāo'],"['жечь, зажигать; греть, нагревать; переудобрять, вносить много удобрений; лихорадить, температурить; жар; (разг.) высокомерный, спесивый']"
['设施'],['shèshī'],['устройство; оборудование']
['设置'],['shèzhì'],['учредить; основать; соорудить; установить']
['申请'],['shēnqǐng'],"['подавать заявление, ходатайствовать, просить; заявление, заявка, ходатайство']"
['身材'],['shēncái'],['фигура; телосложение; рост']
['身份'],['shēnfèn'],"['положение (социальное); юридическое состояние; квалификация, звание, ранг, личность']"
['身高'],['shēngāo'],['рост']
['深厚'],['shēnhòu'],"['глубокий, крепкий']"
['神话'],['shénhuà'],['миф; сказка; легенда']
['神秘'],['shénmì'],['мистика; таинственный; загадочный; мистический']
['甚至'],['shènzhì'],"['вплоть до того, что; даже']"
['失败'],['shībài'],"['потерпеть поражение (неудачу), провалиться; поражение, неудача']"
['失望'],['shīwàng'],['потерять надежду; разочароваться; разочарование']
['失业'],['shī yè'],['остаться без работы; безработный; безработица']
['诗'],['shī'],"['стихи, поэзия ; стихотворный, поэтический']"
['诗人'],['shīrén'],['поэт']
['湿'],['shī'],"['мокрый, влажный; (кит. мед.) влажность (как один из внешних факторов, способствующих развитию болезни)']"
['实施'],['shíshī'],"['осуществлять на деле, проводить в жизнь, претворять в жизнь, реализовывать']"
['实用'],['shíyòng'],['использовать на практике; практический; прикладной']
['食堂'],['shítáng'],['столовая']
['使劲'],['shǐ jìn'],"['прилагать все силы, стараться изо всех сил']"
['士兵'],['shìbīng'],['рядовой; солдат; солдатский']
['市区'],['shìqū'],"['район города, городской район']"
['似的'],['shìde'],"['совсем как, словно, подобно; вроде, как будто']"
['事物'],['shìwù'],"['вещь, предмет, объект']"
['事先'],['shìxiān'],"['заранее, предварительно, заблаговременно, наперёд']"
['试卷'],['shìjuàn'],['экзаменационная работа (письменная)']
['是否'],['shìfǒu'],"['(вопр. сл.) да или нет?, не...ли?; разве не...?']"
['收回'],['shōu huí'],"['брать обратно, забирать, отменять, отзывать']"
['收获'],['shōuhuò'],"['собрать урожай; урожай; достижение, результаты; успехи']"
['收益'],['shōuyì'],['доход; прибыль; рентабельность']
['手工'],['shǒugōng'],"['рукоделие, ручной труд; ремесло, ремесленный']"
['手里'],['shǒu li'],"['в руках, при себе']"
['手术'],['shǒushù'],['операция; хирургическое вмещательство']
['手套'],['shǒutào'],"['перчатки, рукавицы, варежки']"
['守'],['shǒu'],"['сохранять, поддерживать; соблюдать; охранять; смотреть за; быть рядом с']"
['首'],['shǒu'],['счетное слово для песен и стихов']
['受不了'],['shòubùliǎo'],"['не стерпеть, не вынести; невыносимый, нестерпимый']"
['售货员'],['shòuhuòyuán'],"['продавец, консультант в магазине']"
['叔叔'],['shūshu'],['дядя; младший брат папы']
['舒适'],['shūshì'],['уютный; комфортабельный; удобный']
['熟练'],['shúliàn'],['квалифицированный; опытный; хорошо подготовленный']
['暑假'],['shǔjià'],['летние каникулы; летний отпуск']
['树林'],['shùlín'],['лес']
['树叶'],['shùyè'],"['листва, лист']"
['数据'],['shùjù'],"['данные, статистика, цифры']"
['数码'],['shùmǎ'],"['цифра, число, количество, цифровой, числовой; цифровой код; численное поле']"
['刷'],['shuā'],"['щётка; кисть; чистить (щеткой); шелест, шорох']"
['刷牙'],['shuāyá'],['чистить зубы']
['刷子'],['shuāzi'],['щетка']
['帅'],['shuài'],"['красивый, привлекательный (о мужчине); полководец']"
['帅哥'],['shuàigē'],"['красивый мужчина, симпатичный парень, красавчик']"
['率先'],['shuàixiān'],"['возглавлять, идти в первых рядах, быть первым (в чём-либо)']"
['睡着'],['shuìzháo'],"['спать, во сне; засыпать']"
['顺序'],['shùnxù'],['порядок; очередь; по порядку; по очереди']
['说不定'],['shuōbudìng'],"['возможно; может быть; кто знает...; может случиться, что...']"
['说服'],['shuōfú'],"['уговорить, убедить; убеждение']"
['思考'],['sīkǎo'],"['азмышлять, продумывать; анализировать; мыслить; мысль']"
['似乎'],['sìhū'],"['похоже, что...; кажется, по-видимому, как будто']"
['松'],['sōng'],"['сосна; сосновый; взлохмаченный, всклокоченный; распуститься, развязаться']"
['松树'],['sōngshù'],['сосна']
['塑料'],['sùliào'],"['пластмасса, пластик']"
['塑料袋'],['sùliàodài'],['пластиковый пакет']
['酸'],['suān'],['кислый; прокиснуть; (хим.) кислота; ныть; болеть']
['酸奶'],['suānnǎi'],['йогурт']
['随手'],['suíshǒu'],"['сразу, тотчас; по ходу дела, тут же; попутно, по пути']"
['孙女'],['sūnnǚ'],['внучка']
['孙子'],['sūnzi'],['дети и внуки; внук (сын сына)']
['缩短'],['suōduǎn'],"['укорачивать; сокращать; сжимать; сжатый, короткий']"
['缩小'],['suōxiǎo'],"['уменьшать(ся), сжимать(ся), суживать(ся)']"
['台阶'],['táijiē'],"['лестница; ступени лестницы; перен. ступень; продвижение по службе, служебной лестнице']"
['台上'],['táishàng'],['на сцене']
['躺'],['tǎng'],['лечь; лежать (о человеке)']
['套餐'],['tàocān'],"['комплект блюд, сэт, комбо; пакет услуг']"
['特价'],['tèjià'],"['специальная цена, сниженная цена']"
['特殊'],['tèshū'],"['особый, специфический, частный; своеобразный; оригинальный']"
['特征'],['tèzhēng'],['характерный признак; отличительная черта']
['提供'],['tígōng'],"['предоставлять, поставлять, снабжать, обеспечивать; обеспечение, поставка, предоставление']"
['提醒'],['tí xǐng'],"['напоминать, делать напоминание, обращать внимание, уведомление; замечание']"
['体操'],['tǐcāo'],['гимнастика']
['体检'],['tǐjiǎn'],['медицинский осмотр; проходить медицинский осмотр']
['体重'],['tǐzhòng'],"['вес тела, масса тела']"
['替'],['tì'],"['отменять, упразднять, аннулировать; сбрасывать со счетов, списывать (в расход)']"
['替代'],['tìdài'],"['заменять, замещать; замена, альтернатива']"
['天真'],['tiānzhēn'],['наивный; непосредственный']
['填'],['tián'],"['заполнять (документ); восполнять (недостаток чего-либо); заполнять, набивать']"
['填空'],['tián kòng'],['заполнять пустые места']
['挑'],['tiāo'],"['нести на коромысле, нести на плечах; выбирать, отбирать, избирать; груз, ноша']"
['挑选'],['tiāoxuǎn'],"['выбирать, подбирать']"
['调皮'],['tiáopí'],"['капризный, непослушный, баловаться, озорничать  ']"
['挑'],['tiǎo'],"['возбуждать, вызывать; провоцировать, подстрекать; поднимать; приподнимать, подбирать']"
['挑战'],['tiǎo zhàn'],"['вызов, проблема, бросать вызов']"
['贴'],['tiē'],['клеить; держаться близко к; помогать (деньгами)']
['停下'],['tíngxià'],"['останавливаться, остановиться']"
['挺'],['tǐng'],"['выпячивать; выдерживать, сносить']"
['通知书'],['tōngzhīshū'],['письменное уведомление']
['同情'],['tóngqíng'],"['сочувствие, симпатия; солидарность; сочувствовать, симпатизировать']"
['童话'],['tónghuà'],"['детский рассказ, сказка']"
['童年'],['tóngnián'],"['детство, детские годы']"
['统计'],['tǒngjì'],['статистика; статистический; учесть; подсчитать; учёт']
['统一'],['tǒngyī'],['объединить(ся); объединение; единый; единство']
['痛快'],['tòngkuài'],"['весёлый, радостный']"
['投'],['tóu'],"['отправлять, посылать; бросать, кидать; бросаться в; соглашаться с; проектировать; класть в, вкладывать; участвовать в, присоединяться; (разг.) полоскать']"
['投入'],['tóurù'],"['вложить (средства); (капитало)вложения, ввести (напр., в действие), броситься (напр., в объятия); вступить (напр., в бой)']"
['投诉'],['tóusù'],"['жалоба; жаловаться, подавать жалобу']"
['投资'],['tóuzī'],"['инвестировать, вкладывать капитал; капиталовложение, инвестиция']"
['透'],['tòu'],"['раскрывать, обнаруживать; полный, исчерпывающий']"
['透明'],['tòumíng'],['прозрачный; пропускать свет']
['图案'],['túàn'],"['орнамент; узор; рисунок (напр., ткани); схема; чертёж']"
['途中'],['túzhōng'],"['в пути, на пути, по дороге']"
['土地'],['tǔdì'],"['земля; почва, земельный, территория']"
['推迟'],['tuīchí'],"['спускать на тормозах, замедлять; отсрочивать; откладывать; не торопиться (с чём-либо)']"
['推销'],['tuīxiāo'],"['сбывать, реализовать; сбыт, реализация']"
['脱'],['tuō'],"['снять (одежду, обувь); слезать (о коже); выпасть (о волосах); опасть (о листьях); пропустить']"
['袜子'],['wàzi'],['носки']
['外汇'],['wàihuì'],['заграничный денежный перевод; валюта']
['外交官'],['wàijiāoguān'],['дипломат']
['外套'],['wàitào'],"['пальто, шинель, верхнее платье, куртка']"
['弯'],['wān'],"['гнуть, сгибать; изогнутый, извилистый; изгиб, поворот']"
['晚点'],['wǎn diǎn'],"['опаздывать, задерживаться, отставать от графика']"
['万一'],['wànyī'],"['мельчайшая часть, ничтожная доля; на случай если бы...; если бы по чистой случайности; случай, случайность; в крайнем случае']"
['王'],['wáng'],"['князь; царь, король; император, государь, монарх; княжеский, царский, королевский; государев; царствовать, княжить']"
['网络'],['wǎngluò'],['Интернет; сеть']
['网址'],['wǎngzhǐ'],"['адрес в Интернете, URL']"
['微笑'],['wēixiào'],['(лёгкая) улыбка; улыбаться']
['微信'],['wēixìn'],['Вичат']
['围巾'],['wéijīn'],['шаль; шарф; кашне']
['维持'],['wéichí'],"['поддерживать, сохранять; защищать; обеспечивать']"
['维护'],['wéihù'],"['защищать, оберегать, охранять; (тех.) уход, обслуживание; хранить, сохранять']"
['维修'],['wéixiū'],"['профилактический ремонт, техническое обслуживание']"
['尾巴'],['wěiba'],['хвост']
['未必'],['wèibì'],"['вряд ли, едва ли; не обязательно']"
['未来'],['wèilái'],"['будущее, грядущее; будущий']"
['位于'],['wèiyú'],['располагаться; находиться']
['位置'],['wèizhi'],"['позиция, местонахождение; положение; ориентация; место, пост']"
['味儿'],['wèir'],"['вкус, запах; интерес; тон, акцент']"
['喂'],['wèi'],"['кормить (человека), давать пищу (животному)']"
['稳'],['wěn'],"['устойчивый, стабильный, крепкий; (о человеке) степенный, надежный; точный, уверенный; делать стабильным, стабилизировать']"
['稳定'],['wěndìng'],['стабильный; устойчивый; стабилизировать; стабильность; устойчивость']
['问候'],['wènhòu'],['приветствовать; справляться о здоровье (самочувствии); передавать привет']
['无'],['wú'],['не; не иметь; без']
['无法'],['wúfǎ'],"['не находить способа, быть не в силах']"
['无聊'],['wúliáo'],['скука; скучный; бессмысленный; пустой; неинтересный']
['无论'],['wúlùn'],"['независимо от ч-л; несмотря на то, что']"
['无数'],['wúshù'],['бесчисленный; несметный']
['无所谓'],['wúsuǒwèi'],"['несущественно; не имеет значения; всё равно; трудно сказать, нельзя сказать']"
['无限'],['wúxiàn'],"['неограниченный, бесконечный']"
['五颜六色'],['wǔyán-liùsè'],"['разноцветный, красочный']"
['误会'],['wùhuì'],"['ошибочно понимать, иметь неправильное представление; недоразумение']"
['西瓜'],['xīguā'],['арбуз']
['吸'],['xī'],['впитывать; всасывать; привлекать']
['吸管'],['xīguǎn'],"['соломинка, трубочка']"
['吸收'],['xīshōu'],"['всасывать, впитывать, поглощать; всасывание; (хим., физ.) абсорбция; абсорбировать']"
['吸烟'],['xīyān'],['курить']
['吸引'],['xīyǐn'],['вовлекать; привлекать; перен.втягивать']
['喜爱'],['xǐài'],['любить; нравиться']
['系列'],['xìliè'],"['серия, коллекция; ряд']"
['系统'],['xìtǒng'],"['система; порядок; формация; системный, систематичный, упорядоченный; блок, агрегат']"
['细'],['xì'],"['тонкий, стройный; неважный, маленький; узкий; слабый; (о голосе, звуке) мягкий; мелкий, крошечный; тонкий, деликатный; тщательный']"
['细节'],['xìjié'],"['мелочи; детали, подробности; детальный, подробный']"
['细致'],['xìzhì'],"['кропотливый, тщательный, детальный; тонкий; филигранный; точный']"
['下个月'],['xiàgèyuè'],['следующий месяц']
['下降'],['xiàjiàng'],"['снижаться, опускаться, падать']"
['下楼'],['xià lóu'],"['идти вниз, спускаться']"
['下载'],['xiàzǎi'],"['загружать, скачивать']"
['夏季'],['xiàjì'],['летний сезон; лето']
['鲜'],['xiān'],"['свежий; (о красках) яркий; вкусный, приятный на вкус']"
['鲜花'],['xiānhuā'],['свежие цветы']
['鲜明'],['xiānmíng'],"['яркий; отчётливый, чёткий, ясный']"
['咸'],['xián'],['соленый']
['显著'],['xiǎnzhù'],"['очевидный, явный, всем известный, несомненный']"
['县'],['xiàn'],['уезд (админ. единица) ; уездный']
['限制'],['xiànzhì'],['ограничить; ограничение; ограниченный']
['相处'],['xiāngchǔ'],['вместе жить; вместе работать; обходиться друг с другом; сосуществовать']
['相反'],['xiāngfǎn'],['противоположный; противоположность; напротив; наоборот']
['箱'],['xiāng'],"['ящик, чемодан; предмет в форме ящика']"
['箱子'],['xiāngzi'],"['сундук, ящик, чемодан']"
['想念'],['xiǎngniàn'],"['думать, скучать, беспокоиться (о ком-либо)']"
['想象'],['xiǎngxiàng'],"['воображать, представлять, фантазировать']"
['项'],['xiàng'],"['тыльная часть шеи, шея, затылок; пункт; раздел; объект также сч. сл.']"
['项目'],['xiàngmù'],"['пункт, статья, рубрика, перечень, наименование; проект, объект (напр. строительства)']"
['相片'],['xiàngpiàn'],"['фотография, фото']"
['消化'],['xiāohuà'],['переваривать (также перен.); пищеварение; пищеварительный']
['销售'],['xiāoshòu'],"['продавать, сбывать; реализовать; сбыт, продажа']"
['小吃'],['xiǎochī'],['дежурные блюда; закуски; холодные блюда']
['小伙子'],['xiǎohuǒzi'],"['молодой человек, парень']"
['小型'],['xiǎoxíng'],"['малый, маленький, малого размера']"
['效率'],['xiàolǜ'],['эффективность; коэффициент полезного действия']
['些'],['xiē'],"['некоторые, несколько сч. слово, указывающее на множественно число']"
['心理'],['xīnlǐ'],['психика; психический; психология; психологический']
['新郎'],['xīnláng'],['молодой; новобрачный; жених']
['新娘'],['xīnniáng'],['молодая; новобрачная; невеста']
['新鲜'],['xīnxiān'],['свежий']
['新型'],['xīnxíng'],"['новый тип, новый образец']"
['兴奋'],['xīngfèn'],"['волноваться, быть возбуждённым; испытывать подъём (воодушевление); волнение, возбуждение']"
['形容'],['xíngróng'],"['лицо; внешний вид, наружность; выражать; отображать; описывать; описание']"
['形势'],['xíngshì'],['положение; ситуация; обстановка; рельеф']
['型'],['xíng'],"['шаблон; тип, модель; форма; образец']"
['型号'],['xínghào'],"['модель, тип']"
['醒'],['xǐng'],['проснуться; очнуться; протрезвиться; прийти в себя']
['兴趣'],['xìngqù'],['интерес']
['性质'],['xìngzhì'],"['характер, натура, природа; свойство, качество, особенность']"
['兄弟'],['xiōngdì'],['братья; братский']
['胸部'],['xiōngbù'],['грудь']
['修理'],['xiūlǐ'],"['поправлять; ремонтировать; починка; реставрация; подстригать, подрезать']"
['选择'],['xuǎnzé'],"['выбирать, выбор, альтернатива']"
['学分'],['xuéfēn'],"['(в образовании) кредит, зачетная единица']"
['学年'],['xuénián'],"['учебный год, академический год']"
['学时'],['xuéshí'],['академический час']
['学术'],['xuéshù'],"['наука; знание, умение; научный']"
['学问'],['xuéwèn'],"['наука; знания; образованность, учёность, эрудиция']"
['寻找'],['xúnzhǎo'],['искать; изыскивать; поиски']
['迅速'],['xùnsù'],"['быстрый, скорый, стремительный; быстрая скорость']"
['牙'],['yá'],"['зуб, зубец; слоновая кость']"
['牙刷'],['yáshuā'],['зубная щетка']
['亚运会'],['Yàyùnhuì'],['Азиатские игры']
['呀'],['ya'],"['межд.. выражает удивление, недоумение; досаду: ой!, ого!, эх!, нда!']"
['延长'],['yáncháng'],"['удлинить; продлить; увеличить (длину), продлить; отсрочить']"
['延期'],['yán qī'],"['отсрочить, отложить, продлить срок, пролонгировать; отсрочка']"
['延续'],['yánxù'],"['продолжать(ся), тянуть(ся); длиться; продолжение']"
['严'],['yán'],"['строгий, суровый; сильный, лютый; тесный, плотный']"
['严格'],['yángé'],"['строгий; точный, чёткий']"
['严重'],['yánzhòng'],"['серьёзный, тяжёлый; опасный, критический; решительный, строгий']"
['研究'],['yánjiū'],"['изучать, исследовать; рассматривать; обсуждать']"
['研究生'],['yánjiūshēng'],['аспирант']
['研制'],['yánzhì'],"['разработать, разрабатывать и производить, вести разработку, исследование и производство']"
['盐'],['yán'],['соль']
['眼镜'],['yǎnjìng'],['очки']
['眼泪'],['yǎnlèi'],['слезы']
['眼里'],['yǎnli'],"['в глазах; полагать в душе, по мнению ..']"
['演讲'],['yǎnjiǎng'],"['доклад; лекция; речь, читать лекцию; делать доклад']"
['阳台'],['yángtái'],['балкон']
['养成'],['yǎngchéng'],"['воспитывать, культивировать, развивать, выработать, привить, взращивать']"
['腰'],['yāo'],['талия; поясница']
['摇'],['yáo'],"['трясти, сотрясать; колебать, качать, шатать; махать; ворошить; взбалтывать']"
['药物'],['yàowù'],"['медикаменты, лекарства']"
['要'],['yào'],['впереди сказуемого условного предложения: если [хочешь]...; если бы...']
['业余'],['yèyú'],"['в свободное от работы время; без отрыва от производства, любительский; самодеятельный']"
['叶子'],['yèzi'],"['лист; листва, листья; страница, листок']"
['医疗'],['yīliáo'],"['лечить, предоставлять медицинскую помощь']"
['医学'],['yīxué'],"['медицинская наука, медицина']"
['依靠'],['yīkào'],"['полагаться, опираться; опора']"
['依然'],['yīrán'],['по-прежнему; всё ещё']
['一律'],['yílǜ'],"['одинаковый, идентичный; одинаково, в равной мере; все поголовно, все как один']"
['一再'],['yízài'],"['ещё и ещё раз, повторно, неоднократно, вновь и вновь']"
['一致'],['yízhì'],"['единодушный; единогласный; единый; единство, совпадать, сходство']"
['移'],['yí'],"['перемещать(ся), передвигать(ся); изменять(ся)']"
['移动'],['yídòng'],"['двигать(ся); перемещать(ся); передвигать(ся), передвижение; перемещение']"
['移民'],['yímín'],"['переселенец, мигрант; эмигрант; иммигрант; эмигрировать, переезжать за границу, переселять народ']"
['遗产'],['yíchǎn'],['наследство; наследие']
['遗传'],['yíchuán'],"['передаваться по наследству; наследство, унаследование, наследственная передача']"
['疑问'],['yíwèn'],['сомнение; вопрос']
['以及'],['yǐjí'],"['и; а также; а равно; до, вплоть до, и даже']"
['以内'],['yǐnèi'],"['внутри, в пределах, менее чем, не более чем']"
['一般来说'],['yìbānláishuō'],"['вообще говоря, в общем']"
['义务'],['yìwù'],['долг; обязанность; обязательный; добровольный']
['议论'],['yìlùn'],"['обсуждать; рассуждать, судить; рассуждение; суждение']"
['引'],['yǐn'],"['вести, направлять; вызывать; заставлять; цитировать']"
['引导'],['yǐndǎo'],"['направлять, вести за собой, лидировать; показывать дорогу']"
['引进'],['yǐnjìn'],"['внедрять, привлекать, заимствовать (напр., из- за рубежа)']"
['引起'],['yǐnqǐ'],['возбуждать; вызывать']
['应'],['yīng'],"['перед глаголом в составе глагольной конструкции выражает долженствование (быть должным; должно, следует; необходимо; приходится); как вводное слово выражает вероятность (должно быть, вероятно, по всей видимости)']"
['英勇'],['yīngyǒng'],"['доблестный, героический, отважный; героизм, отвага']"
['营业'],['yíngyè'],"['предприятие, дело, промысел, вести дело, действовать, работать']"
['赢得'],['yíngdé'],"['получать, добиваться, заслужить']"
['影子'],['yǐngzi'],"['тень; теневой; отражение (напр., в зеркале); след (напр., в памяти)']"
['勇敢'],['yǒnggǎn'],"['храбрый, смелый']"
['勇气'],['yǒngqì'],"['смелость, храбрость, отвага; мужество']"
['用途'],['yòngtú'],['применение; назначение; употребление']
['优良'],['yōuliáng'],"['хороший, прекрасный, отличный, замечательный, превосходный']"
['优美'],['yōuměi'],['прекрасный; красивый; изящный']
['优秀'],['yōuxiù'],"['лучший, превосходный; выдающийся; отличный, прекрасный, замечательный; высшего качества']"
['邮局'],['yóujú'],['почтовое отделение; почтовая контора; почта']
['有劲儿'],['yǒu jìnr'],"['сильный, полный энергии; занятный, увлеченный']"
['有趣'],['yǒuqù'],"['интересный, занимательный, увлекательный, живой; любопытный']"
['有限'],['yǒuxiàn'],"['ограниченный, конечный']"
['幼儿园'],['yòuéryuán'],['детский сад']
['于是'],['yúshì'],"['и тогда, после этого, поэтому, в результате']"
['语法'],['yǔfǎ'],['грамматика']
['语音'],['yǔyīn'],"['произношение; (компьютер, телефон) звук речи, голос, речь']"
['玉'],['yù'],"['жад, жадеит, нефрит, яшма']"
['玉米'],['yùmǐ'],"['кукуруза, маис']"
['预测'],['yùcè'],"['предсказывать, прогнозировать; предсказание, прогноз']"
['预订'],['yùdìng'],"['заказать; забронировать (напр., место в театре)']"
['遇'],['yù'],"['встречаться, сталкиваться']"
['遇到'],['yùdào'],"['повстречаться с..., столкнуться с...']"
['遇见'],['yùjiàn'],['встречать(ся)']
['原料'],['yuánliào'],"['сырьё, необработанный материал, сырьевые ресурсы']"
['原则'],['yuánzé'],['принцип; основные положения']
['圆'],['yuán'],"['круглый; округлый, полный; полный, достаточный']"
['圆满'],['yuánmǎn'],"['полный, круглый; вполне законченный; удовлетворительный, положительный']"
['约会'],['yuēhuì'],['договориться о свидании; назначить встречу; свидание']
['月底'],['yuèdǐ'],['конец месяца']
['阅读'],['yuèdú'],['читать; чтение']
['运动会'],['yùndònghuì'],"['спортивные состязания, спартакиада']"
['运动员'],['yùndòngyuán'],['спортсмен']
['运气'],['yùnqi'],['судьба; удел; счастье; фортуна']
['运用'],['yùnyòng'],['применять; использовать']
['再三'],['zàisān'],"['неоднократно, многократно, много раз, снова и снова']"
['在乎'],['zàihu'],['принимать близко к сердцу; беспокоиться']
['在于'],['zàiyú'],"['заключаться в чём-либо; состоять в чём- либо, зависеть от чего-либо; определяться чем-либо']"
['赞成'],['zànchéng'],['одобрить; согласиться']
['赞赏'],['zànshǎng'],"['хвалить, высоко оценивать']"
['赞助'],['zànzhù'],"['спонсировать; помогать, содействовать или поддерживать материально']"
['造型'],['zàoxíng'],['(тех.) формовка; формовочный; изображать; изображение']
['战斗'],['zhàndòu'],['бой; сражение; сражаться; боевой']
['战胜'],['zhànshèng'],"['побеждать, преодолевать, одерживать победу над']"
['战士'],['zhànshì'],"['солдат; (обр.) боец, борец, воин']"
['战争'],['zhànzhēng'],['война; военные действия']
['丈夫'],['zhàngfu'],"['муж, супруг']"
['招呼'],['zhāohu'],"['приветствовать, здороваться (словом или действием); звать; говорить, уведомлять; присматривать; приветствие']"
['着'],['zháo'],"['подвергнуться чему-либо; испытать; достигнуть, коснуться (чего-либо); засыпать; загореться, зажечься']"
['着火'],['zháo huǒ'],['загореться; пожар']
['着急'],['zháo jí'],"['волноваться, торопиться']"
['召开'],['zhàokāi'],"['созывать, устраивать']"
['折'],['zhé'],['переломить(ся); терпеть убытки; изгибать(ся); изгиб; вернуться; пересчитывать; складывать; складной']
['针'],['zhēn'],"['игла, булавка; предмет в форме иглы; укол, инъекция; стежок; иглоукалывание, акупунктура']"
['针对'],['zhēnduì'],"['акцентировать; касательно, по отношению, относительно к..., направить на (против)']"
['阵'],['zhèn'],"['боевой порядок; позиция; сч. сл. для явлений природы и т.д, период времени (короткий); время']"
['争论'],['zhēnglùn'],"['спорить, полемизировать, дискутировать; спор, полемика, дискуссия']"
['征服'],['zhēngfú'],"['одолевать, покорять; подавление; подчинение; (перен.) переубеждать, убеждать']"
['征求'],['zhēngqiú'],"['запрашивать, искать; собирать, набирать, вербовать']"
['政府'],['zhèngfǔ'],"['правительство; правительственный, управление (местное); муниципалитет']"
['政治'],['zhèngzhì'],"['политика, политический']"
['之后'],['zhīhòu'],"['после, потом']"
['之间'],['zhījiān'],['между']
['之前'],['zhīqián'],"['до, перед, раньше, прежде, (тому) назад']"
['之一'],['zhīyī'],['один из']
['支'],['zhī'],['подпирать; выносить; поддерживать; торчать; высылать; платить или получать']
['植物'],['zhíwù'],"['растение; растительность, растительный; флора']"
['指挥'],['zhǐhuī'],"['командовать; руководить; управлять; (прям., перен.) дирижировать; командир; дирижёр']"
['制订'],['zhìdìng'],"['составлять, разрабатывать']"
['质量'],['zhìliàng'],['качество; качественный; (физ.) масса']
['治'],['zhì'],"['управлять, контролировать; лечить; уничтожать (вредных насекомых)']"
['治疗'],['zhìliáo'],['лечить; лечение; терапия']
['智力'],['zhìlì'],"['рассудок; ум, интеллект; умственные способности']"
['智能'],['zhìnéng'],"['ум, интеллект; разум; способности']"
['中介'],['zhōngjiè'],['посредничество; посреднический; посредник; агент']
['种类'],['zhǒnglèi'],['вид; род; категория']
['中奖'],['zhòng jiǎng'],['выигрывать в лотерею']
['种'],['zhòng'],['сеять; сажать; выращивать; делать прививку']
['种植'],['zhòngzhí'],"['сеять, засевать; сажать; выращивать; насаждения, посадки']"
['重量'],['zhòngliàng'],['вес']
['逐步'],['zhúbù'],"['шаг за шагом; постепенно, последовательно']"
['逐渐'],['zhújiàn'],"['постепенно, последовательно; постепенный, последовательный']"
['主题'],['zhǔtí'],"['основной вопрос, главная тема; сюжет, фабула; тематический, сюжетный']"
['主席'],['zhǔxí'],"['председатель; председательствующий; распорядитель пира, тамада; председательствовать, возглавлять']"
['祝福'],['zhùfú'],"['желать счастья, молиться о счастье; пожелание счастья, наилучшие пожелания']"
['著名'],['zhùmíng'],"['знаменитый, известный, прославленный; прославиться']"
['著作'],['zhùzuò'],['произведение; труд; сочинять']
['抓紧'],['zhuā jǐn'],"['крепко ухватиться за...; как следует взяться за...; не упустить, вплотную взяться за (работу)']"
['专心'],['zhuānxīn'],['сосредоточиться; сосредоточить внимание на чём-либо; сосредоточенно']
['转动'],['zhuǎndòng'],"['вращать(ся), вертеть(ся), поворачивать(ся) (вокруг оси); двигаться, перемещаться']"
['转告'],['zhuǎngào'],"['передавать, сообщать']"
['转身'],['zhuǎn shēn'],['(о человеке) поворачиваться']
['转弯'],['zhuǎn wān'],"['поворачивать, заворачивать; поворот, угол улицы']"
['转移'],['zhuǎnyí'],"['перемещать(ся) (напр., о войсках); изменять; переменять']"
['装修'],['zhuāngxiū'],"['отделывать; отделка, ремонт (квартиры); реставрировать; обустраивать']"
['装置'],['zhuāngzhì'],"['монтировать, устанавливать, оборудовать; установка, приспособление, устройство']"
['追求'],['zhuīqiú'],['стремиться к; гнаться; перен. искать; поиск; ухаживать (за женщиной); добиваться расположения']
['准时'],['zhǔnshí'],['вовремя; в установленное время; своевременно; пунктуальный']
['资料'],['zīliào'],"['материалы, данные; средства; материальные блага']"
['资源'],['zīyuán'],['ресурс; источник средств']
['自'],['zì'],"['сам, себя']"
['自信'],['zìxìn'],"['верить самому себе; быть уверенным в себе (в своих способностях, силах); самоуверенность']"
['字母'],['zìmǔ'],['буква; алфавит; алфавитный']
['综合'],['zōnghé'],['обобщать; суммировать; комплекс; комплексный; синтез; синтезировать; синтетический']
['总共'],['zǒnggòng'],"['всего, в сумме, итого, в общей сложности']"
['总理'],['zǒnglǐ'],['премьер; премьер-министр; канцлер']
['总统'],['zǒngtǒng'],['президент']
['总之'],['zǒngzhī'],"['в общем, в итоге; резюмируя; короче говоря']"
['阻止'],['zǔzhǐ'],"['останавливать, прекращать; препятствовать, задерживать, удерживать; преграждать; предупреждать']"
['嘴巴'],['zuǐba'],['рот']
['最初'],['zuìchū'],['в самом начале; первоначально; сначала; вначале']
['作出'],['zuòchū'],"['придумывать; принимать решение; делать (предложение, вывод, суждение); давать (объяснение); выдавать (разрешение); произносить (речь); извлекать']"
['作为'],['zuòwéi'],['действия; поступки; успехи; достижения; рассматривать в качестве; принимать за; будучи; в качестве']
['做梦'],['zuò mèng'],"['видеть сон, мечтать']"
